Movie Name,Number of Actors
Everything Everywhere All at Once,49
Teen Wolf,9
Birds of Prey,9
Westworld,9
Shameless,8
True Blood,8
The Kennedy Center Honors: A Celebration of the Performing Arts,8
NCIS: Los Angeles,7
Bad Boys for Life,7
Lethal Weapon,7
Chuck,7
Grey's Anatomy,7
The Last Ship,7
The Librarians,6
Spy VS Spy,6
Glee,6
Scandal,6
9/1/01,6
Interesting Ball,6
Supah Ninjas,6
Bones,6
S.W.A.T.,6
The Mentalist,6
Justified,6
Castle,6
K.C. Undercover,6
Banshee,6
Slug Street Scrappers: Beat Em Up,6
Sequence Break,5
Logan,5
Shang-Chi and the Legend of the Ten Rings,5
NCIS,5
Shooter,5
The Rescue,5
My Name Is Earl,5
Scorpion,5
Undercovers,5
Daredevil,5
Cold Case,5
Supreme Art of War,5
Brando and Rude Boy,5
Spider-Man,5
Tenet,5
Southern Winds,5
General Hospital,5
Captain Marvel,5
Swiss Army Man,5
Numb3rs,5
Revolution,5
Henry Danger,5
Payback,5
Bounty Killer,5
Throne,5
Agents of S.H.I.E.L.D.,5
Fist of Fury,5
NTSF:SD:SUV,4
Fight Ville,4
Leatherheads,4
Ant-Man,4
Late Show with David Letterman,4
Sylvette - by SURRIJA,4
Days of Our Lives,4
Heavens Warriors,4
Crossing Jordan,4
The Mummy: Tomb of the Dragon Emperor,4
The Oscars,4
The Originals,4
Parenthood,4
Avengers: Endgame,4
The Death of Dick Long,4
CSI: NY,4
CSI: Crime Scene Investigation,4
Rush Hour,4
Salem (The Witch Hunters Chronicles),4
Bullet Train,4
Brooklyn Nine-Nine,4
Gangster Squad,4
Bright,4
Game Shakers,4
Three Amigos!,4
Bosch,4
The Devils Night (the crow fan film),4
Criminal Minds,4
To Have and to Hold,4
Top Fighter 2,4
Luc Van Tien: Tuyet Dinh Kungfu,4
Toy Story 2,4
Big Little Lies,4
Monk,4
The Rookie,4
Battle for the Green Destiny,4
Conan,4
Confessions to a Priest,4
The Princess and the Frog,4
The Girl from the Naked Eye,4
SEAL Team,4
Slug Street Scrappers,4
Eagleheart,4
Wrath of Man,3
The Scuttlebutt Assassins,3
True American Violence,3
Moonlight,3
The Bridge,3
"Monsters, Inc.",3
Monsters University,3
Cobra Kai,3
ER,3
Trust,3
Toy Story 4,3
Toy Story 3,3
Toy Story,3
Bird Box,3
Station 19,3
True Detective,3
Perry Mason,3
James and the Giant Peach,3
Pirates of the Caribbean: On Stranger Tides,3
Avengers: Infinity War,3
Criminal Minds: Beyond Borders,3
Without a Trace,3
Crazed,3
Babe: Pig in the City,3
My Best Friend's Wedding/My Best Friend's Sweating,3
Slug Street Scrappers: Rise of Ryuken,3
Community,3
Lola,3
Grimm,3
Ray Donovan,3
The Fifth Hour of the Night,3
Cop Rock,3
Stalker,3
Touch,3
Our Flag Means Death,3
Avatar: The Way of Water,3
Black Gloves,3
Meet the Parents,3
Cats Don't Dance,3
Strategic Possibilities,3
Iron Man 3,3
How I Met Your Mother,3
Man on the Moon,3
Spider-Man: Far from Home,3
The Tonight Show with Jay Leno,3
Cars,3
The Touch,3
Patriots Day,3
Maverick,3
Call of Duty: Infinite Warfare,3
Marvel Studios: Assembled,3
Pair of Kings,3
Breaking Bad,3
The Dark Knight Rises,3
24,3
Spider-Man: No Way Home,3
Minor Stars,3
Snowfall,3
Future Man,3
Charmed,3
You're the Worst,3
Gilot - by Surrija,3
Rizzoli & Isles,3
Saturday Night Live,3
Michael,3
Jack Reacher: Never Go Back,3
Boone: The Bounty Hunter,3
Kickin' It,3
Ghosted,3
Spider-Man: Homecoming,3
The Great Wall,3
Crossbones,3
Late Night with Conan O'Brien,3
Dexter,3
The Most Interesting Man in Show Business,3
The 73rd Annual Academy Awards,3
American Sniper,3
Hawaii Five-0,3
Fear the Walking Dead,3
Ant-Man and the Wasp,3
The Gray Man,3
Divergent,3
Angels & Demons,3
Warrior,3
Legends,3
The Goldbergs,3
Superstore,3
Hawthorne,3
Supergirl,3
Power Rangers - The Search for Tommy (Fan Film),3
The Meyerowitz Stories,3
The Middle,3
Heroes,3
Fist of the Warrior,3
Ally McBeal,3
Now You See Me,3
John Wick: Chapter 2,3
Silicon Valley,3
Agent X,3
Late Night with Jimmy Fallon,2
The Natural: The Best There Ever Was,2
Distortion,2
Champion Road: Arena,2
Change,2
Jimmy Kimmel Live!,2
The Night Shift,2
F9: The Fast Saga,2
Saving Grace,2
Funny or Die Presents...,2
The Master,2
Six Feet Down Under,2
The Last Eve,2
Chicago P.D.,2
Law & Order: LA,2
Mad Men,2
The Last Deal,2
Feel the Music,2
G-Force,2
The Nine Lives of Chloe King,2
Jack and Jill,2
Land of Dreams - Randy Newman's America,2
FM Belfast: Underwear (Version 2),2
Eli Stone,2
Khloes Baby Shower,2
Die Harald Schmidt Show,2
Far Cry 5: Inside Eden's Gate,2
Central Intelligence,2
Kate,2
Captain America: The Winter Soldier,2
Captain America: The First Avenger,2
Jurassic World,2
Mank,2
Captain America: Civil War,2
JAG,2
J. Edgar,2
Kali Karate Show,2
The Cowboy,2
Soundstage,2
Call of Duty: WWII,2
The Hunt,2
Call of Duty: Vanguard,2
Marriage Story,2
Southland,2
The Convent,2
Call of Duty: Black Ops II,2
Star Trek: Discovery,2
Entourage,2
Disney's Animated Storybook: Toy Story,2
The Moving Picture Co. 1914,2
Santa Paws 2: The Santa Pups,2
Jack Reacher,2
Jungle Cruise,2
The Smart Rocks,2
Sons of Anarchy,2
Game of Death,2
The Thundermans,2
Gang Related,2
Silver Hawk,2
Fearless,2
Entertainment Tonight,2
The Tomorrow War,2
The Tonight Show Starring Jimmy Fallon,2
The Tonight Show Starring Johnny Carson,2
Garage,2
The Morning Show,2
The Smell of Success,2
The Last Witch Hunter,2
The Sleepover,2
Company,2
The Paper Tigers,2
Dancing with the Stars,2
The Paper,2
Star Trek,2
The Redland: Survive,2
Family Guy,2
The Rental,2
The Green Hornet,2
Smash,2
Licorice Pizza,2
The Fate of the Furious,2
Foster the People: Houdini,2
Jean-Claude Van Johnson,2
The Road to Cars,2
Confidence,2
Duel of Legends,2
Leverage,2
Counterpart,2
The Fighter,2
Dragon Wars: D-War,2
The Flight Attendant,2
Kingdom Hearts III,2
Call of Duty: Black Ops,2
Sleeper Cell,2
She Spies,2
The Forever Purge,2
The Litigation,2
Knight Squad,2
The Forgotten,2
Shifter,2
Live by Night,2
Shadowgirl: Welcome to Earth,2
Double Tap,2
Flashforward,2
The Punisher,2
Live from New York: The First 5 Years of Saturday Night Live,2
Liza,2
Lonely Street,2
Dust 514,2
School of Rock,2
Letters from Iwo Jima,2
The Fosters,2
Deadpool,2
Final Recipe,2
The Late Late Show with James Corden,2
Legion,2
The Late Late Show with Craig Ferguson,2
Legend of the Mantamaji,2
Filthy Rich,2
Kimbra feat. Mark Foster & A-Trak: Warrior,2
The Elder Scrolls Online,2
Fresh Off the Boat,2
Friends,2
Jailcard,2
"Crouching Tiger, Hidden Dragon",2
Sniper: Inside the Crosshairs,2
Lying Like Dogs,2
Jai Chiranjeeva,2
Deadliest Warrior,2
Close Range,2
The Expendables,2
Seabiscuit,2
Combatants,2
John Wick,2
Selfie,2
Jason Bourne,2
Disney Sing It: Family Hits,2
John Carter,2
The Laundromat,2
Flags of Our Fathers,2
State of Play,2
L.A.'s Finest,2
Dog,2
Fred 2: Night of the Living Fred,2
Cold Turkey,2
Sneaky Pete,2
Lost Souls,2
Love,2
The Mercenary,2
This Is Not Happening,2
The House,2
Vegas,2
Peppermint,2
Ask a Concierge,2
Yes Man,2
Valiant,2
HBO First Look,2
Yellowstone,2
"Hail, Caesar!",2
Halo 4,2
Veep,2
Aquaman,2
VeggieTales: The Little Drummer Boy!,2
Astro,2
Halo 5: Guardians,2
Hand of God,2
Hands of Stone,2
Veronica Mars,2
Neon Scorpio,2
Angels Fallen,2
Superhero Movie,2
Angel of Death,2
Victorious,2
Project: SERA,2
Vagabond,2
Super Power Beat Down,2
Bad Interviews: The 80's,2
Unmasked,2
In Concert,2
The 62nd Annual Academy Awards,2
Randy Newman: I Love L.A.,2
3rd Rock from the Sun,2
Babylon,2
Guardians of the Galaxy,2
My Life as a Teenage Robot,2
Randy Newman in Ahoy,2
Guardians of the Galaxy Vol. 2,2
Unlucky Stars,2
Rampage,2
Attack of the Yakuza,2
Important Things with Demetri Martin,2
Hollywood Insider,2
My Sister's Keeper,2
Mysterious & Ways,2
Ragtime,2
Tall Tales & Legends,2
Ava,2
60 Minutes,2
NCIS: Hawai'i,2
How to Get Caught,2
An American Pickle,2
A Bug's Life,2
Performance,2
The 74th Annual Academy Awards,2
Now You See Me 2,2
I Didn't Do It,2
The 83rd Annual Academy Awards,2
When Women Rule the World,2
Possibilia,2
One World,2
Agent Steele,2
Popular Voices at the BBC,2
Pop Gold,2
I Am the Night,2
Adam Ruins Everything,2
Wu-Tang: An American Saga,2
The 72nd Annual Academy Awards,2
Women of Wrestling,2
Omniboat: A Fast Boat Fantasia,2
The 71st Annual Academy Awards,2
The 68th Annual Academy Awards,2
On the Edge,2
Aaah! Zombies!!,2
Heroine Legends: The Academy,2
Women of Inspiration Weekly - Creating FEMPowerment,2
The 67th Annual Academy Awards,2
Power Rangers,2
Wet Hot American Summer: Ten Years Later,2
Oni,2
Wes Schlagenhauf Is Dying,2
Hart of Dixie,2
Worst Case Scenarios,2
Sydney to the Max,2
The Affair,2
WOW Unleashed,2
No Activity,2
No Love Lost,2
Walker,2
WandaVision,2
American Assassin,2
No Ordinary Family,2
War Machine,2
Warrior Spirit,2
Watchmen,2
Prey of Wrath,2
No me la puc treure del cap,2
Alpha Protocol,2
Tag,2
Heist,2
Hellbinders,2
"Practical Chinese Combat Systems, Vol. II",2
Uncharted 3: Drake's Deception,2
Out of the Furnace,2
Outcast,2
Miss 2059,2
Meet the Fockers,2
Brian Wilson: Songwriter 1969 - 1982,2
Memoirs of a Geisha,2
10-8: Officers on Duty,2
Three Bullets,2
Boxer,2
Meteor,2
Miami Medical,2
Into the Dark,2
Pain,2
Tentacle 8,2
Strong Medicine,2
Blunt Talk,2
Migos: Stir Fry,2
Riding Buddies,2
Zombieland,2
Revan,2
Gladstone,2
Bliss,2
Blindspotting,2
How Do I,2
Terminator: The Sarah Connor Chronicles,2
Mr. Warmth: The Don Rickles Project,2
This Is Us,2
House,2
Mechanic: Resurrection,2
Matador,2
The Comment Show,2
The Wall,2
CSI: Cyber,2
CHIPS,2
Ànima,2
CBS News Sunday Morning,2
Runaways,2
The Collection,2
The Wedding Bells,2
Gentleman B.,2
Burning Questions,2
Stranger Things,2
The West Wing,2
The Colbert Report,2
"Roswell, New Mexico",2
Budget Escorts,2
Bucket and Skinner's Epic Adventures,2
It's Always Sunny in Philadelphia,2
Mayhem,2
Broomshakalaka,2
Maze Runner: The Scorch Trials,2
The Cleaning Lady,2
Minotaur,2
The 65th Annual Tony Awards,2
Blackout,2
Inferna,2
Overboard,2
2012,2
Beauty Mark,2
"ZAPS, Inc.",2
Goliath,2
Infinity Train,2
Good Girls,2
Truth Be Told,2
The Brave,2
Outsourced,2
Refs,2
Tranquility,2
Indiana Jones and the Kingdom of the Crystal Skull,2
Hollywood in Vienna,2
Twilight,2
21 Jump Street,2
Sunflower,2
Red Dawn,2
Young Sheldon,2
Green Street Hooligans 2,2
2nd House,2
Banished,2
Monster Hunters,2
Rent,2
God of War,2
Black Monday,2
Black Panther,2
Miss Earth,2
Resistance 2,2
Black Salt,2
Best Player,2
The Call of the Wild,2
Stuck in the Middle,2
Mom,2
Black Cobra,2
Passions,2
Resident Evil 6,2
Too Old to Die Young,2
Ozark,2
Resident Evil 5,2
Better at Basketball,2
Zeke and Luther,2
Training Day,2
Tarzan,1
Tal Wilkenfeld: Killing Me,1
Spider-Man 3,1
Tai Chi Master,1
Spider-Man: Friend or Foe,1
TV: The Movie,1
Spooky Club,1
Tacoma FD,1
Spectators,1
Tarzan Untamed,1
Sprinter,1
Tales of Chinese Filmmakers,1
Take,1
Take Me Home Tonight,1
Stir of Echoes,1
Stand Out,1
Sunset Overdrive,1
Sunnyside,1
Sunny Daze,1
Sunday Night,1
Summer Camp Island,1
State of Affairs,1
Sultan,1
State of Grace,1
Suburbicon,1
Stuntwomen: The Untold Hollywood Story,1
Stumptown,1
Steel Cut Oats,1
Stellina Blue,1
Strutting and Swaggering,1
Stemmen van Toen,1
Step Up All In,1
Stronger,1
Strike!,1
Sterling,1
Strike Back,1
Strife Heist,1
Special Lunch,1
Strange Men,1
Stewie Griffin: The Untold Story,1
Sunset Beach,1
Starting from Scratch,1
Standoff,1
Stars 80,1
Star Trek Into Darkness,1
Star Trek: Deep Space Nine,1
TRICKSTAR: The Ultimate Tricker,1
Sympathy for Delicious,1
Star Trek: Discovery Logs,1
Star Trek: Short Treks,1
Sym-Bionic Titan,1
Star Trek: Voyager,1
Star Wars Musical,1
Star Wars SC 38 Reimagined,1
Swiss Army Man: Behind the Scenes,1
Star Wars: The Old Republic,1
Sweet Girl,1
Supernatural,1
Supercop 2,1
Supercop,1
Storyline Online,1
StarStruck,1
Super Mario Bros.,1
Stargate SG-1,1
Stargate: Atlantis,1
Sunshine: Web Production Diaries,1
Sunshine,1
Super Pumped,1
Scrubs,1
Special Collector's Edition,1
Sparks,1
Red Hot Frog,1
Red Corner,1
Red Carpet Report,1
Reckless,1
Rebel,1
Real Heroes,1
Ratchet & Clank: Rift Apart,1
Rank,1
Randy Newman: Live at the Odeon,1
Randy Newman: Einsam ganz oben,1
Random! Cartoons,1
Ralph Breaks the Internet,1
Rain,1
Raiders of Loesing Treasure,1
Race to Witch Mountain,1
RED 2,1
RED,1
Quick Reviews with Maverick,1
Queer Duck: The Movie,1
Quantico,1
Puss in Boots,1
Pushing Daisies,1
Push,1
Purple Mountain,1
Puppet Master X: Axis Rising,1
Red Notice,1
Red White and Black,1
Redline,1
Respect,1
RocketJump: The Show,1
Rock Concert,1
Robin Hood,1
"Robert Zemeckis on Smoking, Drinking and Drugging in the 20th Century: In Pursuit of Happiness",1
Rise of the Teenage Mutant Ninja Turtles,1
Ring Ring,1
Righteous Kill,1
Right Now Kapow,1
Reverie,1
Return to Zero,1
Resurrected,1
Resistance: Burning Skies,1
Reign,1
Resident Evil: Operation Raccoon City,1
Resident Evil: Extinction,1
Reservation Road,1
Rescue Me,1
Reno 911!: The Hunt for QAnon,1
Rennie's Landing,1
Rencontres de cinéma,1
Remote,1
Reminiscence,1
Reliquary: A Mugging,1
Reign of Assassins,1
Punk'd,1
Psychonauts 2,1
Psychonauts,1
Penny Dreadful: City of Angels,1
Pitiful Creatures,1
Pit Fighter,1
Pistachio - The Little Boy That Woodn't,1
Pirates of the Caribbean: At World's End,1
Pig Man,1
Photo Op,1
Phil of the Future,1
Person of Interest,1
Perfect Strangers,1
Percy Jackson & the Olympians: The Lightning Thief,1
Per(si)keitimas,1
Peeples,1
Pizza Boys,1
Peace No War,1
Paws of Fury: The Legend of Hank,1
Paulie,1
Paul,1
Passion Pit: Cry Like a Ghost,1
Party of Five,1
"Party at the Palace: The Queen's Concerts, Buckingham Palace",1
Party Slashers,1
Party Girl,1
Parks and Recreation,1
Parker Lewis Can't Lose,1
Pixar: 25 Magic Moments,1
Pizza Party,1
Providence,1
Priest,1
Proud Mary,1
Prostituta,1
Project: S.E.R.A.,1
Project X,1
Project Power,1
Project A 2,1
Profiler,1
Profile,1
Private Schulz,1
Private Practice,1
Private Number,1
Precious Images,1
Play It to the Bone,1
Preacher,1
"Practical Chinese Combat Systems, Vol. III",1
"Practical Chinese Combat Systems, Vol. I",1
Post Grad Gangstas,1
Post Grad,1
Poseidon,1
Porch Casserole,1
Poor George,1
Pom Poko,1
Poet's War,1
Pleasantville,1
Rockpop in Concert,1
Role Models,1
Rolling Stone Presents Twenty Years of Rock & Roll,1
Shut Eye,1
Six Feet Under,1
Single Parents,1
Singing the Blues in Red,1
Singer-Songwriters at the BBC,1
Sing je wai wong,1
Silver Gardens,1
Silk Stalkings,1
Silent Hill: Shattered Memories,1
Sight & Sound in Concert,1
Sicario: Day of the Soldado,1
Sicario,1
Shuang dao,1
Skylanders: Giants,1
Showgirls,1
Showbuzz,1
Show Dogs,1
Shot Caller,1
Shot,1
Shootout,1
Shooting Gallery,1
Sheryl Crow: Tomorrow Never Dies,1
She-Hulk,1
She's All That,1
She is the Best,1
Skunk Fu!,1
Skylanders: Imaginators,1
Shaolin Popey II: Messy Temple,1
So Jannelle,1
Spacegirl,1
Spaced Out,1
Sound of Violence,1
Soul Survivors,1
Sorry for Your Loss,1
Sonny with a Chance,1
Sonic the Hedgehog 2,1
Something's Gotta Give,1
Something Is Killing Tate,1
Some Jerk with a Camera,1
So What Now?!,1
Snowy Bing Bongs Across the North Star Combat Zone,1
Skylanders: SWAP Force,1
Snake & Mongoose,1
Smith,1
Smallville,1
Small Town Famous,1
Slingshot,1
Sleepless,1
Sleeping Dogs,1
Slash,1
Skyline,1
Skylanders: Trap Team,1
Skylanders: SuperChargers,1
Shark Tale,1
Shag,1
"Roman J. Israel, Esq.",1
Saint Judy,1
Savages,1
Savage Dog,1
Saturday Night in Gotham,1
Saracen,1
Sandy Wexler,1
Sand Storm,1
Samurai Cop 2: Deadly Vengeance,1
Samaritan,1
Sam & Cat,1
Salt,1
Salem,1
Sabrina the Teenage Witch,1
Saved by the Bell: The New Class,1
Sabotage,1
SIS,1
SAG Foundation Conversations,1
Rush Hour 3,1
Rush Hour 2,1
Runner,1
Run,1
Rumble in the Valley,1
Royal Warriors,1
"Rose, c'est Paris",1
Room Enough,1
Save Yourselves!,1
Saving Da'Lenzi,1
Shadow Wolves,1
Scroll Wheel of Time,1
Shadow Fury,1
Sexy Evil Genius,1
Sex Tape,1
Seven Pounds,1
Seven Days,1
Sesame Street,1
Serangoon Road,1
See You Sunday,1
Seberg,1
Se jiang,1
Teachers,1
Scream Queens,1
Saving Grace B. Jones,1
Scouts Guide to the Zombie Apocalypse,1
Score: The Podcast,1
Score: A Film Music Documentary,1
Scooby-Doo! and the Gourmet Ghost,1
Scooby-Doo! Mystery Incorporated,1
Scooby-Doo! Curse of the Lake Monster,1
Scooby-Doo and the Alien Invaders,1
Schooled,1
School for Scoundrels,1
Schmoolie the Deathwatcher,1
Scare Tactics,1
Tavis Smiley,1
#Millennials,1
Team Swoll,1
Time Is Up,1
Top 10 Best Animated Films of the 2010 Decade,1
Tony Story,1
Tony Rome,1
Tomorrow Never Dies: UK Home Video Release Television Commercial,1
Tomorrow Never Dies: Special FX Reel,1
Tomorrow Never Dies,1
Tom and Jerry: Willy Wonka and the Chocolate Factory,1
Tokyo Ghoul: Re - Anime,1
Tohuwabohu,1
Today You Die,1
Today,1
To Leslie,1
Time Travel Lover,1
Time Framed,1
Torchwood,1
Tim and Eric's Bedtime Stories,1
"Tim and Eric Awesome Show, Great Job! Chrimbus Special",1
"Tim and Eric Awesome Show, Great Job!",1
Tiger Zinda Hai,1
Tiger Child,1
Tides of the Heart/Swingers,1
Thé ou café,1
Threshold,1
Those Who Kill,1
Those Who Can't,1
Thor: Ragnarok,1
Thor,1
This Is Where I Leave You,1
Top of the Pops,1
Torvill & Dean's Dancing on Ice,1
Ugly Betty,1
True Love,1
UFC Undisputed 2009,1
UCB Comedy Originals,1
Two and a Half Men,1
Twisting Tiger,1
Twisted Metal,1
Twinkle Twinkle Lucky Stars,1
Twentysixmiles,1
Twenty Bucks,1
Tween Fest,1
Turok,1
Tu cara no me suena todavía,1
Tu cara me suena - Argentina,1
Trump: What's the Deal?,1
True Legend,1
Total Security,1
Trophy Wife,1
Trigger Warning,1
Trial by Media,1
Tremors,1
Transformers: The Last Knight,1
Transformers: Revenge of the Fallen,1
Transformers: Dark of the Moon,1
Transformers: Age of Extinction,1
Train: 50 Ways to Say Goodbye,1
Toy Story at 20: To Infinity and Beyond,1
Toy Story 4: Carnival Prizes,1
Toxin,1
Totally Circus,1
Think Tank,1
Then There Was Joe,1
Them,1
The Space Between,1
The Thinning: New World Order,1
The Terminal List,1
The Talk,1
The Survivors,1
The Survivor,1
The Suite Life on Deck,1
The Stunt Woman,1
The Strange Thing About the Johnsons,1
The Strain,1
The Story Behind 'Toy Story',1
The Stepfather,1
The States,1
The Spy Who Dumped Me,1
The Soul Man,1
The Youth,1
The Sorcerer's Apprentice,1
The Soong Sisters,1
The Social Network,1
The Smurfs,1
The Sled,1
The Slammer,1
The Sky Is Everywhere,1
The Simpsons,1
The Sibling Code,1
The Shins: Simple Song,1
The Shield,1
The Shallow End of the Ocean,1
The Shack,1
The Tiger's Apprentice,1
The Time Traveling Sheriff,1
The Time Tunnel,1
The Top Ten Revealed,1
The Young Pope,1
The Wonder Years,1
The Woman King,1
The Wolf of Wall Street,1
The Witcher: Blood Origin,1
The Wild,1
The White Stripes Under Great White Northern Lights,1
The Weeknd: False Alarm,1
The Weeknd Feat. Swedish House Mafia: Sacrifice (Alternate World Remix),1
The Way of the Gun,1
The Way You Make Me Feel,1
The Way It Is and the Way It Used to Be,1
The Warm-Up Guy,1
The WIN Awards,1
The Voice UK,1
The Voice,1
The View,1
The Victims,1
The Vicar of Dibley,1
The Vanished,1
The United Nations Association 2020 Global Citizen Awards & 13th Annual 2020 West Coast Global Forum,1
The United Nations Association 2019 Global Citizen Awards & 12th Annual West Coast Global Forum,1
The Unit,1
The UCB Show,1
The Twins Effect,1
The Tripper,1
The Town,1
UFC Undisputed 2010,1
Ultimate Fights from the Movies,1
Teenage Mutant Ninja Turtles,1
Wing Chun,1
Words in Progress,1
Wonderfalls,1
Wonder Woman 1984,1
Wonder Seven,1
Wonder,1
Women vs. Men,1
Wogan,1
Wizards of Waverly Place,1
Without a Paddle: Nature's Calling,1
Without Remorse,1
Wish Fulfillment,1
Wir sind Kaiser,1
Wings of a Woman,1
Wildness,1
Workaholics: The Other Cubicle,1
Wiener Dog Nationals,1
Why Women Kill,1
Whore and Policewoman,1
Who Is Harry Nilsson (And Why Is Everybody Talkin' About Him?),1
Who Framed Roger Rabbit,1
White Wall,1
White River Tales,1
White Collar,1
When a Stranger Calls,1
Whatever Happened to Mason Reese,1
Whatever Happened to Dobie Gillis?,1
What to Expect When You're Expecting,1
What Would Jesus Do?,1
Workaholics,1
World Trade Center,1
Ultraviolet,1
ZEN Pinball,1
Àngel Casas Show,1
iCarly,1
eTalk Daily,1
ctrl alt delete,1
Zulu Six,1
Zoom,1
Zombieland: Double Tap,1
Zombie Apocalypse,1
Zokko!,1
Zoey 101,1
Zoe,1
Zero Dark Thirty,1
ZZ Top: That Little Ol' Band from Texas,1
Yun yu di liu gan,1
X-Men: First Class,1
Your Boyfriend's Funeral,1
Young Lady Detectives: Heart Beat!,1
YouTube AdBlitz,1
You've Got Mail,1
You're Next,1
You Get Me,1
You Again,1
Yin yao hao qing,1
"Yes, Madam!",1
Year of the Dog,1
"Yakety Yak, Take It Back",1
Xtra Credit,1
XMA: Xtreme Martial Arts,1
What Women Want,1
What We Do in the Shadows,1
What Was Left,1
Up Willie's Alley,1
Vampire at Midnight,1
Valkyrie,1
Valentine,1
Vagator Mixer,1
Vacancy 2: The First Cut,1
VHYes,1
V/H/S Viral,1
V.I.P.,1
"Uvolnete se, prosím",1
Uutishuone,1
Uploaded: The Asian American Movement,1
Uploaded,1
Up in the Air,1
Untitled Jessica Gao/ABC Project,1
Wet Hot American Summer: First Day of Camp,1
Untitled Bounty Hunter Project,1
Unsupervised,1
Unstable Fables: The Goldilocks and the 3 Bears Show,1
Unstable Fables: 3 Pigs & a Baby,1
Universal Classics Pinball,1
United States of Tara,1
Unit Zero,1
Unforgettable,1
Undertones,1
Underdog,1
Uncle Grandpa,1
Uncle Drew,1
Umma,1
Vamps,1
Vatos,1
Velvet Buzzsaw,1
Vengeance Trail,1
Weird: The Al Yankovic Story,1
Weeds,1
Weapon Vlogs,1
We Can Be Heroes,1
We Bought a Zoo,1
Watsky: Kill a Hipster,1
Wanton Mee,1
Walking the Halls,1
Walk the Prank,1
WTF with Marc Maron,1
WKRP in Cincinnati,1
WBCN and the American Revolution,1
Vox Influx,1
Volcano,1
Vivement dimanche prochain,1
Vivement dimanche,1
Virus,1
Virtual Morality,1
Viper,1
Video Game High School,1
Video Beat,1
Victoria's Turn,1
Vici,1
Vice Force Action Squad,1
VerseS,1
Venture Into the Bizzare,1
Venom,1
The Sex Lives of College Girls,1
The Sentient,1
The Secrets of 007: The James Bond Files,1
The Disney Family Singalong Volume 2,1
Paradise Pictures,1
The Filthy Frank Show,1
The Fast and the Furious: Tokyo Drift,1
The Fan: Sleepless,1
The Expendables 4,1
The Expendables 3,1
The Expendables 2,1
The Exes,1
The Ernie Sigley Show,1
The Dummy,1
The Dream Guardian,1
The Dragon Fighter,1
The Divergent Series: Insurgent,1
The Disney Family Singalong,1
The Following,1
The Diamond Jubilee Concert,1
The Dead Undead,1
The David Frost Show,1
The Dance Games,1
The Daily Show,1
The Craft: Legacy,1
The Core,1
The Conjuring 2,1
The Commuter,1
The Clinic,1
The Clearing,1
The Cleaner,1
The Chronicles of Riddick,1
The Flintstones in Viva Rock Vegas,1
The Forgotten Ones - Inside the Jungle,1
The Sea of Trees,1
The Greatest Show Ever,1
The Hour,1
The Hottie & the Nottie,1
The Hot Karl,1
The Hollywouldn'ts,1
The Hollywood Soundtrack Story,1
The Hidden Kingdoms of China,1
The Heroic Trio,1
The Haves and the Have Nots,1
The Hangover Part III,1
The Guild,1
The Guest Book,1
The Guardians of Justice (Will Save You!),1
The Grime,1
The Great Everything & the Nothing,1
The Free Fall,1
The Graham Kennedy Show,1
The Good Wife,1
The Good Place,1
The Good Neighbor,1
The Good Fight,1
The Goldbergs: 1990-Something,1
The Glen Campbell Goodtime Hour,1
The Gleam,1
The Glass Castle,1
The Gentlemen Code,1
The Garfield Show,1
The Game Plan,1
The Full Monty,1
The Christmas Pageant,1
The Christmas High Note,1
The Choice,1
The 75th Annual Academy Awards,1
The Ballerina,1
The BRITs at 40,1
The Avenging Quartet,1
The Avengers,1
The Art Show,1
The Art Of...,1
The Amazing Spider-Man,1
The Agency,1
The Adventures of Tintin,1
The Adventures of Pluto Nash,1
The Addams Family,1
The ABCs of Death,1
The 79th Annual Academy Awards,1
The 54th Annual Academy Awards,1
The Chinese American Immigrant,1
The 37th Film Independent Spirit Awards,1
The 37th Annual Kennedy Center Honors,1
The 36th Annual Kennedy Center Honors,1
The 27th Annual Grammy Awards,1
The 25th Annual Screen Actors Guild Awards,1
The 2013 Rock and Roll Hall of Fame Induction Ceremony,1
The 2000 Billboard Music Awards,1
The 12 Dogs of Christmas,1
That One Audition,1
That '80s Show,1
Thank Your Lucky Stars,1
Terminal Error,1
Tenacious D: Rize of the Fenix,1
The Bash,1
The Batman,1
The Bellmen,1
The Bernie Mac Show,1
The Children of Huang Shi,1
The Challenger,1
The Center of the World,1
The Carol Burnett Show,1
The Care Bears Movie,1
The Cape,1
The Call,1
The Bygone,1
The Bronx Bull,1
The Brian McKnight Show,1
The Boys,1
The Boy Scout,1
The Boxcar Children,1
The Boss Baby,1
The Book of Eli,1
The Bold and the Beautiful,1
The Blood Bond,1
The Block,1
The Blasphemy,1
The Blank's YPF,1
The Blacklist: Redemption,1
The Blacklist,1
The Birth of a Nation,1
The Big Wedding,1
The Big Sick,1
The Best of the Martial Arts Films,1
"The Best of Sessions at West 54th, Volume 2",1
The Hundred in the Hands: Commotion,1
The Hundred in the Hands: Pigeons,1
The Hunger Games,1
The Open Road,1
The Player,1
The Pixar Story,1
The Phoenix Incident,1
The Pastor,1
The Passion of the Christ,1
The Owl vs. Bumbo,1
The Outsider,1
The Outlaw Johnny Black,1
The Other Side of the Tracks,1
The Other Mall,1
The Orville,1
The Order: 1886,1
The Orange British Academy Film Awards,1
The Onion News Network,1
The Naked Gun: From the Files of Police Squad!,1
The Onion Movie,1
The One Show,1
The Old Man,1
The Old Grey Whistle Test,1
The Odds,1
The Notorious Bettie Page,1
The Ninth Gate,1
The Nightmare Room,1
The Nice Guys,1
The Next Three Days,1
The New Show,1
The New Adventures of Robin Hood,1
The Never List,1
The Porter Wagoner Show,1
The Possession of Michael King,1
The Pound Hole,1
The Practice,1
The Scorpion King,1
The School for Good and Evil,1
The Sarah Silverman Program.,1
The Sara Cox Show,1
The Saboteur,1
The Royal World Premiere of 'No Time to Die',1
The Rosie O'Donnell Show,1
The Roofer,1
The Robbery,1
The Road to Galena,1
The Road to Freedom,1
The Road to El Dorado,1
The Riches,1
The Rev,1
The Response,1
The Reef 2: High Tide,1
The Red Man's View,1
The Real World Movie: The Lost Season,1
The Real Target,1
The Real Me,1
The Ready Room,1
The Pursuit of Happiness,1
The Purge,1
The Protector,1
The Problem,1
The Princess Bride Game,1
The Prank,1
The Natural,1
The Muppets.,1
The Hunger Games: Catching Fire,1
The Kingkiller Chronicle,1
The League of Extraordinary Gentlemen,1
The League,1
The Late Show with Stephen Colbert,1
The Last of Us: Part II,1
The Last Shot,1
The Last Man on Earth,1
The Last Lovecraft: Relic of Cthulhu,1
The Last Cop,1
The Last Can,1
The Last Airbender,1
The Last,1
The Lady,1
The Know's Top 10s,1
The Kids Are Alright,1
The Muppet Show,1
The Kid and the Coma,1
The Kid,1
The Key Man,1
The Keepers,1
The Jury,1
The Jade Trader,1
The Invasion,1
The Introduction,1
The Inside,1
The Icarus II Project,1
The Hunted,1
The Hunger Games: Mockingjay - Part 2,1
The Hunger Games: Mockingjay - Part 1,1
The Leftovers,1
The Legen of Ne Zha,1
The Legend of Neil,1
The Lego Movie Videogame,1
The Movie Loft,1
The Mountain Between Us,1
The Miseducation of Cameron Post,1
The Mindy Project,1
The Mighty B!,1
The Midnight Special,1
The Midnight Hour,1
The Men Who Stare at Goats,1
The Mechanic,1
The Marty Feldman Comedy Machine,1
The Marshall Chronicles,1
The Mark Twain Prize: Steve Martin,1
The Map of Tiny Perfect Things,1
The Mandalorian,1
The Man from Death,1
The Making of 'the Mummy: Tomb of the Dragon Emperor',1
The Making of 'Seabiscuit',1
The Love of My Life,1
The Loud House,1
The Lost Tribe,1
The Lost City,1
The Long Road Home,1
The Lone Ranger,1
The Lively Set,1
The Little Rascals,1
The Lincoln Lawyer,1
The Limey,1
The Final Level: Escaping Rancala,1
Moments of Discovery,1
Papi Chulo,1
Clockstoppers,1
Crazy Ex-Girlfriend,1
Crash of the Titans,1
Crash,1
Crank: High Voltage,1
Crank,1
Cradle 2 the Grave,1
Cover Me Babe,1
Countdown to Tomorrow Never Dies,1
Cougar Town,1
Cory in the House,1
Corporate,1
Corazón de...,1
Copshop,1
Cooties,1
Contract Lovers,1
Content Guidelines,1
Construct,1
Confessions of a Pit Fighter,1
Con Man,1
ComicCosplay,1
Columbo,1
Colony,1
CollegeHumor Originals,1
Collateral,1
Collaborative Stories,1
Colin in Black & White,1
Coercion,1
Code Black,1
Club Santino,1
Crazy Rich Asians,1
Crimes of the Mind,1
Criminal,1
Day Shift,1
Demons,1
Delusive Dreams,1
Defending Jacob,1
Deepwater Horizon,1
Debt Collectors,1
Death Calls,1
Deadliest Warrior: The Game,1
Deadgirl,1
Dead to Me,1
Dead End,1
Dead & Deader,1
De hemelpoort,1
Daylight Savings,1
Day One,1
"Crouching Tiger, Hidden Dragon: Sword of Destiny",1
Dave,1
Dark Tourist,1
Daniel Boone,1
Dan in Real Life,1
Daemon 9,1
Da Pai Jia Dao (Bigshot),1
DP/30: Conversations About Movies,1
DJ Snake and Lil Jon: Turn Down for What,1
DGK: Parental Advisory,1
DC Showcase: Sgt. Rock,1
Cutthroat,1
Cut,1
Cursed,1
Close to Home,1
Cloak & Dagger,1
Designated Survivor,1
Cliffs of Freedom,1
Catch That Kid,1
Casual,1
Caso Cerrado con la Dra. Ana Maria Polo,1
Casino Royale: Royal World Premiere,1
Casino Jack and the United States of Money,1
Case Closed Movie,1
Casa de mi Padre,1
Cars Mater-National,1
Cars 3: Cars D'oeuvres,1
Cars 3,1
Carolina,1
Captain America: Super Soldier,1
Captain America: Civil War Reenactors,1
Cannonball,1
Cannes Film Festival,1
Can't Buy My Love,1
Camping,1
Call of Duty: Modern Warfare,1
Call of Duty: Ghosts,1
Call of Duty: Advanced Warfare,1
Call Us What You Want But Don't Call Us in the Morning,1
California Winter,1
California,1
Cactus,1
CTV's Big Fall Preview 2017,1
CSI: Miami,1
CBS This Morning,1
C'mon C'mon,1
C à vous,1
Caught in the Middle-Anthologies,1
Celebrity Page,1
Cement,1
Chinatown Squad,1
"Clear Lake, WI",1
Cleaners,1
Clash of the Titans,1
Clarence,1
City on Fire,1
Cirque du Freak: The Vampire's Assistant,1
Chuck Hank and the San Diego Twins,1
Chronicles of Jessica Wu,1
Chronic Misadventures of Slackers in Space,1
Chromeo: When the Night Falls',1
Chop Shop,1
Chocolate News,1
Chip 'n' Dale: Rescue Rangers,1
Chillerama,1
Chain Letter,1
Childrens Hospital,1
Childhood's End,1
Child 44,1
Chicago Hope,1
Check Your Surroundings,1
Chasing the Devil,1
Chasing a Dream,1
Charlie's Angels: Full Throttle,1
Charlie's Angels,1
Chaos Walking,1
Changeling,1
Chance,1
Chain of Command,1
Descendants 3,1
Desire,1
By a Second,1
Ego,1
Exceptional Beings,1
Evil Things,1
Everything Wrong with...,1
Everyday Detectives,1
EverQuest II,1
Even Stevens,1
Evan Almighty,1
Euphoria,1
Esprits libres,1
Escape the Night,1
Escape from L.A.,1
Escape Artist,1
Epic Mickey 2: The Power of Two,1
Epic Mickey,1
Entertainment,1
Enrique Iglesias: Tonight (I'm Lovin' You),1
Enlisted,1
Engelbert with the Young Generation,1
Enemy of the State,1
Ender's Game,1
EndWar,1
End of Loyalty,1
Embers,1
Elämäni Biisi,1
Elliott,1
Elektra,1
El Tonto,1
El Camino Christmas,1
Ek Tha Tiger,1
Excitus: The Chosen Saga,1
Exit Strategy,1
Extant,1
Faraar,1
Feast III: The Happy Finish,1
Feast,1
Fear and Loathing in Las Vegas,1
Fear Factor,1
Father vs. Son,1
Father Stu,1
Fatal Seduction,1
Fastlane,1
Fast Vengeance,1
Fast & Furious Presents: Hobbs & Shaw,1
Fast & Furious,1
Fast,1
FartZilla,1
Far North,1
Extraction,1
Fantasy Island,1
Fanny Pack,1
Fallout 4,1
Fallout 3,1
Fall Down Dead,1
Fading of the Cries,1
FSI: Fraud Scheme Investigation,1
FBI Guys,1
F.C. De Kampioenen,1
Eye of the Empress: Mystery Man,1
Extreme Skate Adventure,1
Extreme Cheapskates,1
Extra·ordinary,1
Eisai to tairi mou!,1
Edtv,1
Desperate Housewives,1
Edgar Allan Poe's Murder Mystery Dinner Party,1
Doc McStuffins,1
Do wong,1
Do No Harm,1
Disney's Party,1
Disney Sing-Along-Songs: Topsy Turvy,1
Disney Magic Kingdoms,1
Disney Infinity 3.0,1
Disney Infinity,1
Disjointed,1
Dish Nation,1
Discredit,1
Dirty Grandpa,1
Dirty Garden,1
Dirty Deeds,1
Dirty Dancing: Havana Nights,1
Dirty 30,1
Dirtbags,1
Dirt,1
Diminishing Returns,1
Dimensional Warrior Spielvan,1
Die GlasBlasSing Quintett Show,1
Dick Tracy,1
Diary of a Wimpy Kid,1
Diagnosis Murder,1
Devon's Ghost: Legend of the Bloody Boy,1
Devil's Third,1
Devil's Den,1
Deutschland sucht den Superstar,1
Desus & Mero,1
Doctor Strange,1
Doctor Strange in the Multiverse of Madness,1
Doggmen,1
Dragon Girls,1
"Ed Sheeran, feat. Pharrell Williams: Sing",1
Easy Money,1
EastEnders,1
Early Man,1
E-Ring,1
E! Live from the Red Carpet,1
Dynamite Fighters,1
Dune,1
Dude Bro Party Massacre III,1
Drunk History,1
Drive Angry,1
Dredd,1
Dream,1
Dragon Fist Championship,1
Dollhouse,1
Dragon Blade,1
Dragon Age: Redemption,1
Dragon Age: Origins,1
Dragnet,1
Dr. Brinks & Dr. Brinks,1
Dr. 90210,1
Down and Out in Beverly Hills,1
Doom Patrol,1
"Doogie Howser, M.D.",1
"Don't Worry, He Won't Get Far on Foot",1
Don't Look Up,1
Domino,1
Dolls of Voodoo,1
By the Sea,1
Butterfly and Sword,1
Paper Tiger,1
After Hours,1
American Bistro,1
America's Musical Journey,1
America's Most Wanted: America Fights Back,1
America's Got Talent,1
Amend.org:2009,1
Ambulance,1
Always and Forever,1
Altitude,1
Altered Carbon,1
Alpha,1
Allegiant,1
All You Need Is Klaus,1
All Summers End,1
All Rise,1
All Night,1
All My Children,1
All About Alfred,1
Alice's Wonderland Bakery,1
Alice in Wonderland,1
Alias,1
"Alexander and the Terrible, Horrible, No Good, Very Bad Day",1
Alex & Jaime,1
Aleks Syntek & Danna Paola: Yo soy tu amigo fiel,1
Alarm für Cobra 11 - Die Autobahnpolizei,1
Airship,1
Air Force One,1
Aion,1
Against the Sun,1
Against the Odds,1
American Born Chinese,1
American Crime,1
American Dreams,1
Angel from Hell,1
Arrested Development,1
Arise,1
Argo,1
Archer,1
April Fool's Day,1
April Apocalypse,1
Apprentice,1
Ant-Man and the Wasp: Quantumania,1
Annora,1
Anita Ho,1
Animal Kingdom,1
Angie Tribeca,1
Angels,1
Angel Terminators,1
American Girl,1
Angel,1
Anatomy of Pop,1
An Audience with Tom Jones,1
Among the Great Apes with Michelle Yeoh,1
Ami Jones,1
American Woman,1
American Ultra,1
American Princess,1
American Pastoral,1
American Hustle,1
American Haze,1
American Gun,1
American Gulag,1
After Trek,1
Afro Ninja,1
Artists for the Arts: With a Little Help from My Friends,1
Ad Astra,1
60th Annual Young Musicians Foundation Gala,1
6 Ways to Die,1
5th Street,1
57th Annual Young Musicians Foundation Gala,1
5. halvleg,1
300: Rise of an Empire,1
30,1
2nd Unit: Invisible Action Stars,1
29-Apr-92,1
"2053 More Girls, a Dragon & a Fisherman",1
2020 Golden Globe Awards,1
2017 MTV Video Music Awards,1
2014 MTV Movie Awards,1
2000 Blockbuster Entertainment Awards,1
20 to 1,1
20 Years of Asian American Playwriting,1
1M1: Hollywood Horns of the Golden Years,1
17 Again,1
13 Reasons Why,1
13 Dead Men,1
12 Strong,1
12 Storeys,1
101 Sexiest Celebrity Bodies,1
1000 Ways to Die,1
100 Questions,1
10 Things I Hate About You,1
1/4 Mermaid,1
1%ERS,1
$#*! My Dad Says,1
61º Festival Internacional de Cine de San Sebastián - Gala de inauguración,1
7 Days in Entebbe,1
7th Heaven,1
A Place of Hope: The Story of the Warsaw Ghetto Remembrance Garden,1
Acter,1
About Fifty,1
Abduction,1
Abbott Elementary,1
Abanderados de la Argentina Solidaria 2017,1
ATF: Asian Task Force,1
ARK: The Animated Series,1
AMV Hell 3: The Motion Picture,1
AFI Life Achievement Award,1
A to Z,1
A Whisper to a Roar,1
A Simple Favor,1
A Quiet Place Part II,1
A Moral Man... Amongst Paradoxical Leaders,1
8 Out of 10 Cats Does Countdown,1
A Monster Calls,1
A Lovely Lady,1
A Love Saga with John Goodman,1
A Loud House Christmas,1
A Gifted Man,1
A Day in the Life of a Slacker,1
A Date with Luyu,1
A Dare to Remember,1
A Crooked Somebody,1
A Cinderella Story,1
A Better Place,1
9½ Weeks,1
9-1-1: Lone Star,1
Art of War,1
Ask Me Anything,1
Bus People,1
Bestie,1
Body Electric,1
Bobbie Gentry,1
Blue Bloods,1
Bloodsucking Bastards,1
Blood Sucker Punch,1
Blood Shot,1
Blood Father,1
Blonde Squad,1
Blast from the Past,1
Blair Witch,1
Blade II,1
Blade,1
Blackhat,1
Black-ish,1
Black Water,1
Black Panther: Wakanda Forever,1
Black Mirror,1
Black Mass,1
Black Lightning,1
Black Kung Fu Chick,1
Black Dynamite,1
Black Adam,1
Bits,1
Billion Dollar Whale,1
Big Time Rush,1
Big Love,1
Beyond the Sea,1
Beyond the Law,1
Betty Ray 2080,1
Bolden,1
Bond 25: Live Reveal,1
Bond Girls Are Forever,1
Britain's Got More Talent,1
Bunnicula,1
Bumblebee,1
Bull,1
Buffy the Vampire Slayer,1
Brows Held High,1
Brothers & Sisters,1
Brothers,1
Bromates,1
Broken,1
Broadway.com #LiveatFive,1
Broadway Celebrates Veterans Day,1
Broadcast 23,1
Britain's Got Talent,1
Brit Awards 1989,1
Bonded,1
Bringing Down the House,1
Bridging Color,1
Breakarate,1
Break,1
Breadwinners,1
Brave New World,1
Bottleworld,1
Boston Legal,1
Boss Level,1
Born to Race,1
Book of Shadows: Blair Witch 2,1
Boogie Nights,1
Bonneville,1
Better Call Saul,1
Best Fiends: Trill's Offer,1
Assassin,1
Best Fiends: The Demon of Sweet Street,1
Bad Match,1
Bad Ass Bikers,1
Back at the Barnyard,1
Back Alive,1
BachelorMan,1
Babysitter,1
Babylon A.D.,1
Baby Driver,1
BPM: Beats Per Mnet,1
BMW R 1200 Cruiser Motorcycle 'Tomorrow Never Dies' Television Commercial,1
BASEketball,1
BAFTAs 2019,1
Awkward Sex,1
Awkwafina Is Nora from Queens,1
Awesome Asian Bad Guys,1
Awakenings,1
Avatar: The Game,1
Avatar 5,1
Avatar 4,1
Avatar 3,1
Avatar,1
Avalon,1
Autumn Gem,1
Automation,1
Australian Idol,1
Austin City Limits,1
Atop the Fourth Wall,1
Assassin's Creed: Dissent,1
Assassin X,1
Bad Reception,1
Bad Times at the El Royale,1
Ban the Sadist Videos! Part 2,1
Beaches,1
Best Fiends: Temper's Adventure 2: Part 1,1
Best Fiends: Slug Swap,1
Best Ever Bond,1
Ben 10,1
Behind the Action: Stuntmen in the Movies,1
Beginner's Luck,1
Beeswax,1
Bedtime Stories,1
Beautiful People,1
Beautiful,1
Beat-Club,1
Bean: Scenes Unseen,1
Bean,1
Be Eaten by Dream,1
Banda sonora,1
Battleship,1
Battles Feat. Gary Numan: My Machines,1
Battle for Palace Objects Reloaded,1
Battle Creek,1
Batman: Return to Arkham,1
Batman: Death in the Family,1
Batman: Arkham Knight,1
Batman: Arkham City,1
Barry,1
Barrio Wars,1
Barnyard,1
Barney's Version,1
Bank on us 2,1
Female Fight Squad,1
Festival Internacional de la Canción de Viña del Mar,1
Fight Science,1
Lucifer,1
Manifest Destiny,1
Manchester Orchestra: The Sunshine,1
Manchester Orchestra: Simple Math,1
Man from Reno,1
Man University,1
Mall,1
Malignant,1
Malice,1
Major League,1
Major Crimes,1
Magnum P.I.,1
Magic Cop,1
Magic City,1
Maggie,1
Made in Hollywood: Teen Edition,1
Made in Hollywood,1
Made,1
Mad,1
Macy's Thanksgiving Day Parade,1
MacGyver,1
MTV Whatever Things,1
MST3K Little Gold Statue Preview Special,1
MK Ultra,1
Lying to Be Perfect,1
Lying and Stealing,1
Luokkajuhla,1
Lunar New Year,1
Luna,1
Luke Cage,1
Manny is Psychic,1
Marco Polo,1
Marco Polo: One Hundred Eyes,1
Mayans M.C.,1
Might & Magic Heroes VI,1
"Midnight, Texas",1
Mickey's 90th Spectacular,1
Mickey Saves the Day: 3D Adventure,1
Michelle Yeoh: Secret Ally,1
Miao tan shuang long,1
Miami Vice,1
Meteor Apocalypse,1
"Merry Christmas, Drake & Josh",1
Medium,1
Medal of Honor,1
Meant to Be,1
Me lo dices o me lo cantas,1
Maximum Surge,1
Maroon 5 Feat. SZA: What Lovers Do,1
Maximum Cage Fighting,1
Max Havoc: Curse of the Dragon,1
Masters of the Martial Arts Presented by Wesley Snipes,1
Master Z: The Ip Man Legacy,1
Mass Effect: Legendary Edition,1
Mass Effect: Bring Down the Sky,1
Mass Effect,1
Mask of the Ninja,1
Marvin Marvin,1
Marvel Studios' Shang-Chi and the Legend of the Ten Rings LIVE Red Carpet World Premiere,1
Marvel One-Shot: Agent Carter,1
Marvel Future Fight,1
Marvel 75 Years: From Pulp to Pop!,1
Luck,1
Lowriders,1
Mike's New Car,1
Love at the Christmas Table,1
Lego DC Comics Super Heroes: The Flash,1
Legit,1
LearningTown,1
Le grand journal de Canal+,1
Law & Order: Criminal Intent,1
Law & Order True Crime,1
Laurel Canyon,1
Latin Dragon,1
Later... With Jools Holland,1
Late Night with David Letterman,1
Last Man Standing,1
Last Flag Flying,1
Last Christmas: Love Letter to London,1
Last Christmas: George Michael,1
Last Christmas,1
Last Call with Carson Daly,1
Las Vegas Warrior,1
Larry Crowne,1
Lady Gaga: G.U.Y.,1
Labor Intensive,1
La La Land,1
L.A. Noire,1
KungFu Journey,1
Kung Tai Ted,1
Kung Fu Panda 2,1
Kottan ermittelt,1
Korean Report: Young Man Kang Goes to Hollywood,1
Kong: Skull Island,1
Knight,1
Lego Dimensions,1
Lemon Drop,1
Leo Sayer,1
Lodge 49,1
Love Beats Rhymes,1
Love & Money,1
Lost & Found,1
Los nuevos y clásicos bloopers,1
Lorraine,1
Lords of the Underworld,1
Loot,1
Long Count,1
Lonely Blue Night,1
Lone,1
Lollipop Chainsaw,1
Lola's Last Letter,1
Lola James,1
Lizzie McGuire,1
Life Is Like a Short Train Ride,1
Liver,1
Live from Lincoln Center,1
Liv and Maddie,1
Little Fockers,1
Little Brother,1
Little Big Shots,1
Lingaa,1
Lincoln,1
Limitless,1
Lights Out,1
Lightning Returns: Final Fantasy XIII,1
Light as a Feather,1
Life in Pieces,1
Mike & Mike,1
Milf,1
First Jobs,1
Night Flight,1
On n'est pas couché,1
On My Block,1
On Becoming a God in Central Florida,1
Olympus Has Fallen,1
Olde E,1
Oh Yeah! Cartoons,1
"Oh Jerome, No",1
Officer Down,1
Odious,1
Ode to the Warriors,1
Observe and Report,1
Obi-Wan Kenobi,1
Nulle part ailleurs cinéma,1
Now You See Me 3,1
Novocaine,1
Not a Star,1
Nostalgia Critic,1
North Star,1
Norm of the North,1
Nope,1
Nocturnally Yours,1
No Rest for the Wicked,1
No Man's Land,1
Ninjito: Mexican Ninja,1
Ninja with Sam Macaroni: Part 1,1
Ninja Gaiden II: The Way of the Warrior,1
Ninja - Part 2 with Epic Lloyd,1
Nina,1
Nightmare Cinema,1
"On the Other Hand, Death",1
On the Set of 'Father vs. Son',1
On the Set: Memoirs of a Geisha,1
Out of Control,1
Papa Hemingway in Cuba,1
Palm County,1
Painkiller,1
Pad Yatra: A Green Odyssey,1
Pacific Rim: Uprising,1
Pacific Rim,1
P.O.V.,1
Oz Tribute: The Art of Imagination,1
Overrun,1
Over the Garden Wall,1
Outlaw Brothers,1
Out to Sea,1
Out of Order,1
Out West,1
One Day at a Time,1
Our New Electrical Morals,1
Our Little Secret,1
Our Family Wedding,1
Other People,1
Oscars Red Carpet Live,1
Oscars 2018: The Nominations,1
Ordinary Dream,1
Operation: Endgame,1
Operación triunfo,1
Only the Brave,1
One Man's Castle,1
One Hit Wonderland,1
One Fine Day,1
Nightbooks,1
Nexus,1
Milk Money,1
New Year's Eve,1
Mr. Mercedes,1
Mr. Love,1
Mr. K,1
Mr. 3000,1
Movies 'Til Dawn,1
MovieReal: Memoirs of a Geisha,1
Mousehunt,1
Mostly Ghostly: Have You Met My Ghoulfriend?,1
Mosquito State,1
Mortdecai,1
Mortal Kombat: Conquest,1
Mortal Kombat X: Generations,1
Morning Star,1
Morgan,1
Moonlight Express,1
Montage: Great Film Composers and the Piano,1
Monsters vs. Aliens,1
Monsters at Work,1
Monster Safari,1
Monster Hunter: Legends of the Guild,1
Monogamy S2,1
#Unknown,1
Mission: Impossible III,1
Mission Force One,1
Miss Nobody,1
Miss Congeniality 2: Armed & Fabulous,1
Miss Bala,1
Minions: The Rise of Gru,1
Minecraft: Story Mode - A Telltale Games Series,1
Mr. Sunshine,1
Ms. Purple,1
Mulan,1
Naked,1
New Day,1
New Amsterdam,1
Never Surrender,1
Nerve,1
Neighbors 2: Sorority Rising,1
Neighbors,1
Neemkomok',1
Ned's Declassified School Survival Guide,1
Ne-Yo Feat. Juicy J: She Knows,1
Nature Talks to Itself,1
National Geographic Investigates,1
Nashville,1
Naruto: Kakashi vs. Obito,1
NCIS: New Orleans,1
Murder in the Dark,1
Mystery Spot,1
Mystery Science Theater 3000,1
Mystery Girls,1
My Sister,1
My School Partner's an Astro Bot,1
My Name Is Khan,1
My Lucky Stars,1
My Little Pony: The Movie,1
My Life as a Teenage Robot: Escape from Cluster Prime,1
My Fair Gentleman,1
My Dead Ex,1
Music and Video Club 'Tomorrow Never Dies' Home Video Television Commercial,1
Murder in the First,1
Kippevel,1
Kingdom Hearts II: Final Mix+,1
Kingdom Hearts II,1
Golos,1
Haven's Point,1
Harry's Law,1
Harry and the Hendersons,1
Hari Malaysia,1
Hard Breakers,1
"Happy Birthday, Bob!",1
Happily Divorced,1
Hannah Montana,1
Hamburg Journal,1
Hacksaw Ridge,1
Götz Otto - Tomorrow Never Dies Interview,1
Gunpowder Milkshake,1
Guild Wars: Factions,1
Guild Wars 2,1
Guild Wars,1
Guest Appearances,1
Guerrilla Garden,1
Guardians of the Galaxy Vol. 3,1
Grit & Polish: Heroines from Hong Kong,1
Griselda,1
Grimcutty,1
Greenland,1
Great Streets,1
Great News,1
Granada Reports,1
Gotcha!,1
Gossip Girl,1
Gooned,1
Good Morning Britain,1
Hawkeye,1
He's Just Not That Into You,1
Heels,1
High Life,1
Hong Kong Stories,1
Honey 2,1
Homecoming,1
Home Economics,1
Holy Weapon,1
Hollywood a Go Go,1
Hollywood First Look Features,1
Hollywood Celebrity,1
Holly Day,1
Hole in the Wall,1
Hocus Pocus 2,1
Hired Guns,1
Highly Classified: The World of 007,1
High Incident,1
Hellboy,1
Hide and Seek,1
Hibakusha,1
Hewy's Animated Movie Reviews,1
Hesher,1
Heroic Trio 2: Executioners,1
Hereafter,1
Here's Herbie,1
Here and Now,1
Herbstkatzen,1
Her Knight,1
Her Alibi,1
Hello Ladies,1
Hello Ahma,1
Good Morning,1
Goldfish,1
Kingdom Hearts HD 2.5 Remix,1
Gold,1
GMTV,1
GLOW,1
G.I. Jane,1
Fuse,1
"Funny, You Don't Look 200: A Constitutional Vaudeville",1
Fun with Dick and Jane,1
Fuller House,1
Fucking Kassovitz,1
Fright Night,1
Freeheld,1
FreeForAll,1
Free Guy,1
Fred: The Movie,1
Fred 3: Camp Fred,1
FreakyLinks,1
Freakish,1
Fraud Angels,1
Franklin & Bash,1
Foster the People: Don't Stop (Color on the Walls),1
Forrest Gump,1
Forky Asks a Question,1
Ford v Ferrari,1
Forbidden Warrior,1
For the People,1
For Her,1
For Colored Girls,1
Flipside,1
Flight of the Living Dead,1
Fleece,1
"Gahan Wilson: Born Dead, Still Weird",1
Gambit,1
Game Over,1
Getaway Ben,1
Going Rogue,1
Going Home,1
Gods of Egypt,1
God of Gamblers,1
Go Try,1
Gizmo!,1
Girl Meets World,1
Giri,1
Gilmore Girls,1
Gia,1
Ghosts/Aliens,1
Ghost Whisperer,1
Ghost Rock,1
Get Smart,1
"Game Over, Man!",1
Get Shorty,1
George Marshall & the American Century,1
George Ezra: Shotgun,1
George & Leo,1
General Hospital: Night Shift,1
Gemini Man,1
Gehenna: Where Death Lives,1
Gears of War 3,1
Gaslit,1
Garfield's Pet Force,1
Garfield's Fun Fest,1
Garfield Gets Real: Finding Your Voice,1
Garfield Gets Real,1
Hope's Choice,1
Horizon Zero Dawn,1
Horizon Zero Dawn: The Frozen Wilds,1
Hotel Artemis,1
Jurassic Park III,1
Jungle Justice,1
Jumanji: The Next Level,1
Judd for the Defense,1
Judd Apatow: The Return,1
Joywave Feat. Kopps: Tongues,1
Joy,1
Journeyman,1
Jools's Annual Hootenanny,1
Jonah: A VeggieTales Movie,1
Johnny Bravo,1
John Wilson's Mini-Musicals,1
John Wick: Chapter 3 - Parabellum,1
Joe Cocker: Organic,1
Joe Cocker: Mad Dog with Soul,1
Jinn,1
Jin pai shi jie,1
Jim & Andy: The Great Beyond,1
Jigsaw,1
Jia,1
Jericho,1
Jenny's Song,1
Jennifer Lopez: Papi,1
Jekyll,1
Jeepers Creepers 2,1
Jeepers Creepers,1
Je suis venu(e) vous dire,1
Janela Indiscreta,1
Jane by Design,1
Just Cause,1
Just Like Heaven,1
Just Some Morning Tea,1
Kill Bill: Vol. 1,1
Kingdom Hearts HD 1.5 Remix,1
Kingdom Hearts HD 1.5 + 2.5 Remix,1
Kingdom Hearts,1
Kingdom,1
King Cake: The Joie de Vivre,1
King Bachelor's Pad,1
Kinect Disneyland Adventures,1
Kin,1
Kim,1
Killing Animals,1
Killers,1
Kill the Messenger,1
Kill Bill: Vol. 2,1
Kidnap Madonna's Baby,1
Just The Tip,1
Kick-Ass,1
Kawaii Death Metal God,1
Karol G & Anuel AA & J. Balvin: Location,1
Karaoke King,1
Kangaroo Jack,1
Kamen Rider: Dragon Knight,1
Kali Karate: The 2nd Beginning,1
Kain's Quest,1
KTLA Morning News,1
Justice,1
JustKiddingFilms,1
JustBoobs Sketch,1
Just for Laughs,1
James at 16,1
James Bond: Shaken and Stirred,1
Jade Empire,1
I Didn't Know I Was Pregnant,1
Ideal World,1
Icy Bois,1
Icebox,1
Ice Blues,1
ISKA World Championships Martial Arts US Open,1
IMDb Originals,1
I'm Nostalgic,1
I Really Hate My Ex,1
I Love Your Moves,1
"I Love You, Man",1
I Got It Bad,1
I Feel Bad,1
I Don't Feel at Home in This World Anymore.,1
I Before Thee,1
Idol,1
Hymen,1
Huo bao da quan zi,1
Hunters,1
Huey Long,1
Hubie Halloween,1
Hu dan nu er hong,1
Howard Stern,1
How to Lose a Guy in 10 Days,1
How to Get Away with Murder,1
How War Ends,1
House Arrest,1
Hotel Transylvania 3: Summer Vacation,1
Hotel Transylvania 2,1
Idiotsitter,1
If You're Ready,1
Jacob Two-Two,1
Instinct,1
Jackie Chan: My Story,1
Jack Ryan: Shadow Recruit,1
It's a Miracle,1
"It's Like, You Know...",1
It's Garry Shandling's Show.,1
Isabellina,1
Ironside,1
Iron Man 2,1
Iron Fist,1
Invictus,1
Into the Badlands,1
Interstellar,1
Instinct to Kill,1
"Inside Hollywood: The Pictures, the People, the Academy Awards",1
Ike's Eyes,1
Insanitarium,1
Initiation,1
Inhale,1
Infiltration II,1
India Sweets and Spices,1
Inconceivable,1
In the Room,1
In the Line of Duty III,1
In the Desert of Panacea,1
In Creative Company,1
In Case of Emergency,1
Impostor,1
Ill-Advised,1
Öronaböj,1